{
    "root_group": {
        "checks": {},
        "name": "",
        "path": "",
        "id": "d41d8cd98f00b204e9800998ecf8427e",
        "groups": {}
    },
    "metrics": {
        "vus_max": {
            "value": 100,
            "min": 100,
            "max": 100
        },
        "http_req_failed": {
            "passes": 6,
            "fails": 2832,
            "value": 0.0021141649048625794
        },
        "data_sent": {
            "count": 1243044,
            "rate": 39238.189888629044
        },
        "iteration_duration": {
            "p(90)": 1518.4741873,
            "p(95)": 1580.9688623999998,
            "avg": 1078.3607104651157,
            "min": 675.033916,
            "med": 742.1411875,
            "max": 3224.655083
        },
        "http_req_sending": {
            "avg": 0.02108949964763936,
            "min": 0.004,
            "med": 0.019,
            "max": 0.644,
            "p(90)": 0.031,
            "p(95)": 0.036
        },
        "http_req_blocked": {
            "avg": 0.12656800563777165,
            "min": 0,
            "med": 0.002,
            "max": 4.255,
            "p(90)": 0.005,
            "p(95)": 0.012
        },
        "vus": {
            "value": 18,
            "min": 18,
            "max": 100
        },
        "http_req_duration": {
            "avg": 1078.0340151515163,
            "min": 674.867,
            "med": 742.019,
            "max": 3218.884,
            "p(90)": 1518.2689,
            "p(95)": 1580.75825
        },
        "http_req_receiving": {
            "min": 0.008,
            "med": 0.043,
            "max": 2.382,
            "p(90)": 0.088,
            "p(95)": 0.10714999999999987,
            "avg": 0.05611909795630748
        },
        "http_req_connecting": {
            "p(90)": 0,
            "p(95)": 0,
            "avg": 0.11343798449612405,
            "min": 0,
            "med": 0,
            "max": 3.949
        },
        "http_req_waiting": {
            "min": 674.798,
            "med": 741.9755,
            "max": 3218.765,
            "p(90)": 1518.1867,
            "p(95)": 1580.673,
            "avg": 1077.9568065539095
        },
        "http_reqs": {
            "count": 2838,
            "rate": 89.58490842152749
        },
        "data_received": {
            "count": 688050,
            "rate": 21719.13186731219
        },
        "http_req_duration{expected_response:true}": {
            "med": 741.915,
            "max": 3218.884,
            "p(90)": 1516.9107999999999,
            "p(95)": 1576.15125,
            "avg": 1075.584293079097,
            "min": 674.867
        },
        "http_req_tls_handshaking": {
            "max": 0,
            "p(90)": 0,
            "p(95)": 0,
            "avg": 0,
            "min": 0,
            "med": 0
        },
        "iterations": {
            "count": 2838,
            "rate": 89.58490842152749
        }
    }
}