{
    "metrics": {
        "http_req_sending": {
            "med": 0.005,
            "max": 0.359,
            "p(90)": 0.011,
            "p(95)": 0.013,
            "avg": 0.006515467678389188,
            "min": 0.002
        },
        "http_req_tls_handshaking": {
            "p(90)": 0,
            "p(95)": 0,
            "avg": 0,
            "min": 0,
            "med": 0,
            "max": 0
        },
        "data_received": {
            "rate": 126929.72298734191,
            "count": 3847756
        },
        "http_req_failed": {
            "passes": 12714,
            "fails": 992,
            "value": 0.9276229388588939
        },
        "http_req_waiting": {
            "avg": 219.4377755727414,
            "min": 109.699,
            "med": 140.78449999999998,
            "max": 3420.854,
            "p(90)": 183.9515,
            "p(95)": 735.0455
        },
        "iteration_duration": {
            "p(90)": 184.01645800000003,
            "p(95)": 735.14148925,
            "avg": 219.53718750627553,
            "min": 109.778042,
            "med": 140.85225,
            "max": 3425.478125
        },
        "iterations": {
            "count": 13706,
            "rate": 452.13334298341897
        },
        "http_reqs": {
            "count": 13706,
            "rate": 452.13334298341897
        },
        "http_req_duration": {
            "med": 140.8185,
            "max": 3420.902,
            "p(90)": 183.97650000000002,
            "p(95)": 735.0835,
            "avg": 219.46364497300146,
            "min": 109.731
        },
        "http_req_receiving": {
            "p(90)": 0.029,
            "p(95)": 0.036,
            "avg": 0.019353932584269023,
            "min": 0.006,
            "med": 0.017,
            "max": 0.76
        },
        "http_req_blocked": {
            "med": 0.001,
            "max": 5.401,
            "p(90)": 0.002,
            "p(95)": 0.002,
            "avg": 0.03282117320879773,
            "min": 0
        },
        "vus": {
            "value": 100,
            "min": 100,
            "max": 100
        },
        "data_sent": {
            "count": 5989522,
            "rate": 197582.2708837541
        },
        "http_req_connecting": {
            "p(90)": 0,
            "p(95)": 0,
            "avg": 0.025515686560630385,
            "min": 0,
            "med": 0,
            "max": 4.136
        },
        "vus_max": {
            "value": 100,
            "min": 100,
            "max": 100
        },
        "http_req_duration{expected_response:true}": {
            "p(95)": 2245.7948999999994,
            "avg": 1101.9276391129022,
            "min": 682.702,
            "med": 775.739,
            "max": 3420.902,
            "p(90)": 1558.0247000000002
        }
    },
    "root_group": {
        "id": "d41d8cd98f00b204e9800998ecf8427e",
        "groups": {},
        "checks": {},
        "name": "",
        "path": ""
    }
}