{
    "metrics": {
        "http_req_waiting": {
            "p(95)": 2124.8544,
            "avg": 1010.9237373470067,
            "min": 321.805,
            "med": 873.981,
            "max": 2435.647,
            "p(90)": 1934.3028000000004
        },
        "http_reqs": {
            "count": 3023,
            "rate": 96.02058671214839
        },
        "iterations": {
            "count": 3023,
            "rate": 96.02058671214839
        },
        "vus": {
            "value": 25,
            "min": 25,
            "max": 100
        },
        "http_req_connecting": {
            "p(90)": 0,
            "p(95)": 0,
            "avg": 0.11054713860403567,
            "min": 0,
            "med": 0,
            "max": 4.477
        },
        "http_req_receiving": {
            "min": 0.006,
            "med": 0.036,
            "max": 3.943,
            "p(90)": 0.08,
            "p(95)": 0.102,
            "avg": 0.052464108501488686
        },
        "http_req_tls_handshaking": {
            "max": 0,
            "p(90)": 0,
            "p(95)": 0,
            "avg": 0,
            "min": 0,
            "med": 0
        },
        "vus_max": {
            "value": 100,
            "min": 100,
            "max": 100
        },
        "http_req_sending": {
            "p(90)": 0.025,
            "p(95)": 0.03,
            "avg": 0.01964108501488608,
            "min": 0.002,
            "med": 0.013,
            "max": 2.549
        },
        "iteration_duration": {
            "avg": 1011.3210587267597,
            "min": 321.905875,
            "med": 874.118083,
            "max": 2435.635916,
            "p(90)": 1934.3636170000002,
            "p(95)": 2125.3283711
        },
        "http_req_duration{expected_response:true}": {
            "p(95)": 2180.74575,
            "avg": 1416.7824199346387,
            "min": 769.354,
            "med": 1425.2145,
            "max": 2435.669,
            "p(90)": 2090.8555
        },
        "http_req_blocked": {
            "max": 6.674,
            "p(90)": 0.005,
            "p(95)": 0.008899999999999865,
            "avg": 0.14066787958980684,
            "min": 0,
            "med": 0.002
        },
        "data_sent": {
            "count": 1324074,
            "rate": 42057.016979921
        },
        "data_received": {
            "count": 806251,
            "rate": 25609.227276631278
        },
        "http_req_duration": {
            "med": 874.035,
            "max": 2435.669,
            "p(90)": 1934.3446000000004,
            "p(95)": 2124.8876,
            "avg": 1010.9958425405222,
            "min": 321.856
        },
        "http_req_failed": {
            "passes": 1187,
            "fails": 1836,
            "value": 0.39265630168706583
        }
    },
    "root_group": {
        "path": "",
        "id": "d41d8cd98f00b204e9800998ecf8427e",
        "groups": {},
        "checks": {},
        "name": ""
    }
}