{
    "root_group": {
        "checks": {},
        "name": "",
        "path": "",
        "id": "d41d8cd98f00b204e9800998ecf8427e",
        "groups": {}
    },
    "metrics": {
        "http_req_failed": {
            "passes": 0,
            "fails": 4914,
            "value": 0
        },
        "vus": {
            "max": 100,
            "value": 100,
            "min": 100
        },
        "http_req_duration{expected_response:true}": {
            "med": 578.665,
            "max": 2445.087,
            "p(90)": 608.5015,
            "p(95)": 629.6202,
            "avg": 615.4882006512012,
            "min": 474.074
        },
        "http_req_connecting": {
            "avg": 0.07107468457468458,
            "min": 0,
            "med": 0,
            "max": 4.2,
            "p(90)": 0,
            "p(95)": 0
        },
        "http_req_duration": {
            "avg": 615.4882006512012,
            "min": 474.074,
            "med": 578.665,
            "max": 2445.087,
            "p(90)": 608.5015,
            "p(95)": 629.6202
        },
        "http_req_waiting": {
            "max": 2445.056,
            "p(90)": 608.4736,
            "p(95)": 629.6053999999999,
            "avg": 615.4640834350831,
            "min": 474.044,
            "med": 578.642
        },
        "data_sent": {
            "count": 1724814,
            "rate": 56556.92325489796
        },
        "http_req_blocked": {
            "p(90)": 0.002,
            "p(95)": 0.002,
            "avg": 0.08404415954414526,
            "min": 0,
            "med": 0.001,
            "max": 5.231
        },
        "http_req_sending": {
            "avg": 0.005245421245421357,
            "min": 0.002,
            "med": 0.004,
            "max": 0.245,
            "p(90)": 0.009,
            "p(95)": 0.011
        },
        "http_req_tls_handshaking": {
            "avg": 0,
            "min": 0,
            "med": 0,
            "max": 0,
            "p(90)": 0,
            "p(95)": 0
        },
        "http_req_receiving": {
            "p(95)": 0.035,
            "avg": 0.0188717948717952,
            "min": 0.006,
            "med": 0.016,
            "max": 1.369,
            "p(90)": 0.029
        },
        "iterations": {
            "count": 4914,
            "rate": 161.13083548403978
        },
        "data_received": {
            "count": 10618621,
            "rate": 348186.25832689664
        },
        "iteration_duration": {
            "avg": 615.6030704582834,
            "min": 474.100208,
            "med": 578.7057295,
            "max": 2448.534084,
            "p(90)": 608.5305419,
            "p(95)": 629.6412335499999
        },
        "vus_max": {
            "value": 100,
            "min": 100,
            "max": 100
        },
        "http_reqs": {
            "count": 4914,
            "rate": 161.13083548403978
        }
    }
}