{
    "metrics": {
        "http_req_receiving": {
            "p(90)": 0.132,
            "p(95)": 0.18674999999999994,
            "avg": 0.08445207956600369,
            "min": 0.013,
            "med": 0.067,
            "max": 1.382
        },
        "http_reqs": {
            "count": 1106,
            "rate": 33.47792203688153
        },
        "iteration_duration": {
            "avg": 2853.1688006699846,
            "min": 973.817959,
            "med": 2731.0398545,
            "max": 5337.452959,
            "p(90)": 3930.7783335,
            "p(95)": 4099.90883375
        },
        "data_received": {
            "count": 2373069,
            "rate": 71831.30105799314
        },
        "http_req_duration{expected_response:true}": {
            "avg": 2865.8747737226295,
            "min": 1390.803,
            "med": 2775.8315000000002,
            "max": 5330.158,
            "p(90)": 3926.647,
            "p(95)": 4103.9307499999995
        },
        "http_req_failed": {
            "passes": 10,
            "fails": 1096,
            "value": 0.009041591320072333
        },
        "iterations": {
            "count": 1106,
            "rate": 33.47792203688153
        },
        "http_req_connecting": {
            "max": 3.337,
            "p(90)": 0,
            "p(95)": 2.893,
            "avg": 0.25094303797468354,
            "min": 0,
            "med": 0
        },
        "http_req_tls_handshaking": {
            "avg": 0,
            "min": 0,
            "med": 0,
            "max": 0,
            "p(90)": 0,
            "p(95)": 0
        },
        "http_req_waiting": {
            "p(90)": 3925.9895,
            "p(95)": 4099.6815,
            "avg": 2852.542483725132,
            "min": 969.264,
            "med": 2730.6905,
            "max": 5329.996
        },
        "http_req_duration": {
            "p(95)": 4099.8305,
            "avg": 2852.655932188066,
            "min": 970.254,
            "med": 2730.827,
            "max": 5330.158,
            "p(90)": 3926.096
        },
        "data_sent": {
            "count": 388206,
            "rate": 11750.750634945416
        },
        "vus": {
            "value": 3,
            "min": 3,
            "max": 100
        },
        "vus_max": {
            "value": 100,
            "min": 100,
            "max": 100
        },
        "http_req_blocked": {
            "avg": 0.374641952983724,
            "min": 0,
            "med": 0.003,
            "max": 6.095,
            "p(90)": 0.014500000000000025,
            "p(95)": 3.833249999999993
        },
        "http_req_sending": {
            "p(90)": 0.038,
            "p(95)": 0.051,
            "avg": 0.02899638336347192,
            "min": 0.004,
            "med": 0.021,
            "max": 2.025
        }
    },
    "root_group": {
        "name": "",
        "path": "",
        "id": "d41d8cd98f00b204e9800998ecf8427e",
        "groups": {},
        "checks": {}
    }
}